Product_Name,N,Qty
"MALATHION(METHOL) 500G BOX RS6050.00,",N,26
"TISSUE PAPER ROYAL NAPKIN80PULLS RS45.0060.00,",N,29
"NAPKIN POSTER PAPER HARD80G 60PS30.00,",N,13
",KOPIKO,161.GM,",N,24
",KOPIKO JUMBO JAR,",N,675
",AJAY TB HARD RS22,",N,36
",KOPIKO PKT 402..8GM,",N,16
",AJAY TB MEDIUM RS22,",N,36
",AJAY TB MEDIUM RS22,",N,36
ELITE ATTA 2KG,N,10
"ELITE RAVA 500GM,",N,40
"ELITE SOYA CHUNKS 200GM,",N,1
"ELITE MAIDA 500GM,",N,40
"ELITE MAIDA 1KG,",N,20
"ELITE RAGI POWDER 500GM,",N,13
"ELITE BROCKEN WHEET 500 GM44.00,",N,33
"ELITE CHAKKI,ATTA 1KG,",N,20
"ELITE SOYA CHUNKS 200GM,",N,19
"PAVIZHAM RICBRAN OIL 1LTR POCH10.00,",N,162
"PAVIZHAM TAMARIND 500GM 10410.00,",N,82
"PAVIZHAM NIRADEEPAM,",N,1
"PAVIZHAM TAMARIND 500GM 1041.00,",N,82
"BRAHMINS SAMBAR POW 18GM150.00,",N,8
"BRA SAMBAR POW 250GRM,",N,10
"BRA PICKLEPOWDER 100GM,",N,10
"BRA FRIED RAVA 500GM,",N,10
"BRA FRIED RAVA 1KG,",N,5
"CAD DAIRY MILK 13.2GX56U RS10.00112.00,",N,9
"DAIRYMILK MRP 5 (72U),",N,144
"DAI MILK CHOCOLATE BIG FAMILY123G 9810.00,",N,87
"CAD CHOCOBAKES CAKES 19GM 1045.00,",N,8
"CAD DAIRY MILK 20.2GM RS20 (40)40.00,",N,17
"CAD DAIRY MILK 40GM 45(30U) 30.00,",N,40
"DAI CRISPELLO 13G RS10.00 (40U)40.00,",N,9
"FIVE STAR 5 (54N),",N,54
"BINGO KILLIN CRE&ONION 48GM 206.00,",N,16
"BINGO MASALA MASSACRE 48GM 206.00,",N,16
"BINGO ORI&STY CHILLI SPRINKLED 90GM 506.00,",N,42
"BINGO ORIGI STY HOT&SPICY KOREAN STY 90GM6.00,",N,42
"BINGO MAD ANG ACHAARI MASTI 60GM6.00,",N,16
"SF BINGO TOMATO CHIPS 90GM,",N,4
"BINGO CHILLI SPRINKLED ORIGINAL 52GM6.00,",N,16
"BINGO ORIGI STY HOT&SPICY KOREAN 21GM 106.00,",N,8
"SF DREM CREM STRRWBERRY VANI 90GM30.00,",N,15
",SWARNAM,GINGELLY OIL1LR,",N,24
",SWARNAM GINGELY OIL 100 ML50.00,",N,23
",SWARNAM GINGELY OIL 500ML24.00,",N,102
",DG NAIL SAVER SCRUBBER 25,",N,36
"AVT PREMIUM LEAF TEA 250GM 1408.00,",N,120
"A V T PREMIUM LEAF TEA 500GM4.00,",N,239
"AVT PREMIUM COFFE 100GM(RS33)66.00,",N,73
"AVT PREMIUM TEA 250GM,",N,96
"AVT GREEN TEA 100GM,",N,6
",PRAN POTATO BISCUIT50GM(*48N)48.00,",N,19
",PRAN LITCHI,150ML*(72N),",N,72
",PRAN LITCHI 200ML*(48N),",N,48
",PRAN FLOAT DRINKO LICHI 250ML(35)(24N)24.00,",N,29
"KATHIR RICE PWD 5KG,",N,20
"KATHIR RIC PWD 1/2GM,",N,100
"MILMA GHEE 200 ML,",N,25
"ELITE BRAN FLAKES 34KG,",N,3
"KERALAGLOD COCONUT OIL1L30.00,",N,254
"AMUL COW GHEE 500ML,",N,3
"AMUL COWGHEE 200ML(128),",N,12
"AMUL COOKING BTR 100GM,",N,24
"AMUL CHEESE SLICE 100GM,",N,10
"AMUL CHEESE SLICE 200GM,",N,3
"AMUL FRESH CREAM 250ML,",N,10
"AMULYA MILK POW 200 GM,",N,10
"AMUL PANEER 200G MRP115,",N,5
"AMUL BITTER CHOCOLATE 150GM2.00,",N,144
"AMULYA MILK PWD 100GM,",N,10
"AMUL MITHAI MATE 200GM,",N,12
"MILKY MIST C BUTTER 100GM,",N,24
"MILKY MIST CHEESE SLICE 100GM24.00,",N,63
"MILKY MIST PANEER CUBES 200GM10.00,",N,100
"JEERAKASALA ROSE KAIMA1,",N,30
"INDIA GATE (W) SELLA 30 KG,",N,60
"MUBARAK EVERYDAY 30KG,",N,30
"HARPIC ORIGINAL POW PLU 500 ML48.00,",N,99
"HARPIC ORIGINAL POW PLU 200ML48.00,",N,41
"HARPIC BATH ULT CITRUSH SPLASH 522ML 14924.00,",N,137
"LIZOL LAVENDER CLE 500+125ML 625ML24.00,",N,113
"LIZOL CITRUS 500ML,",N,12
"LIZOL FLORAL 500ML,",N,12
"LIZOL SANDAL 500ML,",N,12
"DETTOL ASL REG 550 ML,",N,15
"DETTOL 250 ML,",N,24
"DETTOL 125 ML,",N,24
"DETTOL 60 ML,",N,25
"COLIN 250ML ULT(52.00),,",N,6
"LG POWDER 15GM 25,,",N,20
"CHANDRIKA 150GM CLA,,",N,24
"MEDIMIX CLASSIC 125GM,,",N,24
"MEDIMIX CLEARGLY OIL&ALOEVEAR3+1 400GM 1406.00,,",N,126
"MEDIMIX CLEARGLY OIL&ALOEVEAR3+1 400GM 1406.00,,",N,132
"HARPIC 1L ORIGINAL PWR PLUS32.00,,",N,180
"CHANDRIKA 75GM CLA,,",N,48
"MEDIMIX NATURAL GLY OIL&HONEY 3+1 400GM6.00,,",N,126
"LIZOL NEEM 500ML,,",N,12
"ELITE DREAMS BUTTER CUP CAKE(6*1)RS505.00,,",N,44
"ELITE VANILA BAR CAKE(130GM)MRP3520.00,,",N,29
"ELITE ORANGE CHOCO CAKE(130GM)3510.00,,",N,29
"ELITE BLACK RAISIN CAKE 140GM(53)6.00,,",N,44
"ELITE JACKJFRUIT PUDDING SLICED CAKE140GM 536.00,,",N,44
"ELITE DREAMS CHOCOCUP CAKE 170GM(MRP53)10.00,,",N,44
"ELITE DREAMS STRAWBERY CUP CAKE170GM6* 535.00,,",N,44
"ELITE DREAMS CARROT PUDDING CUPCAKE 170GM 605.00,,",N,44
"ELITE PINAPPLE CHOCOLATE 130GM(40)10.00,,",N,29
"ELITE BANANA PUDDING SLICED CAKE 140GM-536.00,,",N,44
"ELITE CARROT PUDDING CAKE SLICED 140GM 536.00,,",N,44
"ELITE DATES PUD SLICED CAKE 140GM 536.00,,",N,44
",MALKIST CHEESE FAMILY RS50.0060.00,,",N,30
",MALKIST CHOCOLATE 150GM,,",N,60
"CRAZE MILKRUNCH 300GM,,",N,24
"CRAZE COFFEE MARIE 200GM 4036.00,,",N,29
"NESCAFE GOLD ORIGINAL BLEND 50GRM2.00,,",N,331
"MAGGI TOMATO KETCHUP 480GM 1208.00,,",N,89
"MAGGI MASALA 140GM,,",N,20
"KITKAT DUO 3FINGER 25 28.5G (28N)28.00,,",N,17
"NESCAFE ICED FRAPPE 170ML,,",N,12
"NESCAFE SUNRICE SAC 1.99GM 156U624.00,,",N,1
"MAGGI,2MINN,MASALA 420GM16.00,",N,79
"MILKY BAR MOULD 42GM 40 (14U)14.00,,",N,35
"MILKYBAR MULTIPACK84(6X12.5G)15.00,",N,52
"MAGGI PAZZIA MASALA PENNE 69.5GM6.00,",N,25
"MAGGI PAZZIA CHEESY TOMATO80X68.5G(R25)6.00,",N,29
"NESTLE MILKMAID 380G145,",N,24
"MAGGI TOMATO SAUCE NONG 485GM 1158.00,",N,93
"MAGGI HOT&SWEET TCS BOTTLE 500GM 1208.00,",N,100
"NESCAFE SUNRICE JAR 90GM 3202.00,",N,299
"KITKAT FAMILY PACK 4X2 72GM15.00,",N,44
"MAGGI 2 MIN FAM PACK 560 GM(120)12.00,",N,106
"NESCAFE ICED LATTE 170ML,",N,12
"POLO MINT ROLL(23X15G)5,",N,72
"KITKAT 2F MINI 18(42X13.2GM)10210.00,",N,8
"MAGGI MAS NDLS 280GM 58,",N,24
"MILKY BAR MOULD (24X22.5GM)24.00,",N,17
"MUNCH KING SIZE 17.4GM 10,",N,210
"MUNCH MAHA27(32X8.7G) 5,",N,864
"MAGGI ATTA MAS 24X290GM 1086.00,",N,90
"MAGGI PAZZIA MUSHROOM96X68.5G(25R)6.00,",N,25
"MUNCH MAX CRUNCHIES 45GM 40.0014.00,",N,35
",NAMBISAN S GHEE 500ML,",N,3
",KPL COCONUT OIL 1LT PCH,",N,40
"KERALAGOLDCOCONUT OIL500ML60.00,",N,127
"GOLDWINNER SF OIL 500ML,",N,100
"IDHAYAM SESAME OIL 500ML BOTTLE5.00,",N,218
"GOLDWINNER SF OIL 1L,",N,100
"NESTLE MILKMAID MINI 210GM 8512.00,",N,77
"LUX ADV BRIG GLOW JASMINE VITAMIN +E 100GM 42144.00,",N,32
"PONKATHIR EASY VATTAYAPPAM PODI 500GM6.00,",N,44
"EAGER SOYA 200GM SOUC,",N,12
"EAGER MASALA MIX(40GM),",N,50
",AJMI RICE POEDER 5KG,",N,5
"ELITE BANSI RAVA 500GM RS41.0011.00,",N,34
",SF DREM CREM STRRWBERRY VANI 90GM29.00,",N,16
"SF DARK FANTASY BOURBON 65.1G 10120.00,",N,9
"SF MOMS MAGIC SHINING BUTTER COOKIE 44GM1096.00,",N,8
"SF MOMS MAGIC SHINING BUTTER COOKIE 128GM 3530.00,",N,27
"SF GLUCOSE BISCUT 250 GM,",N,36
"DAI MILK CHOCOLATE BIG FAMILY123G 9810.00,",N,87
"SILK BUBBLY BUBBLE 46GM 100(20N)5.00,",N,86
"SILK FRUIT&NUT 51GM RS110.00 5.00,",N,86
"SILK HAZELNUT 54G 100,",N,3
"SILK MOUSSE SMALL 48.5GM RS1005.00,",N,86
"SILK OREO 58.5GM 100.00,",N,5
"SILK CHOCOLATE PLAN 55GM RS 1005.00,",N,78
"SILK ROAST ALMOND 52GM 100,",N,5
"SILK FRUIT&NUT 51GM RS110.00 5.00,",N,86
"FULFUL CHICKEN 65MASALA 70GM3.00,",N,35
"MASTER CHAT MASALA100GM,",N,6
"MASTER MANTHI MASALA 50GM12.00,",N,35
"MASTER BAKING SODA 50G,",N,12
"MASTER COCOA POWDER 50G,",N,6
"MASTER CORN FLOUR 100G,",N,24
"MASTER PLAIN CHNA GRASS 10G6.00,",N,30
"FUL FUL OREGANO 20GM,",N,6
"MASTER CUSTARD POWDER 100GM12.00,",N,27
"MASTER DARK COCOA POWDER 50GM6.00,",N,75
"MALLY 1KG,",N,40
"MULAKU 1KG,",N,41
"SUGAR 5KG,",N,20
"SUGAR 500 GM,",N,20
"SUGAR 250G,",N,20
"SUGAR 2KG,",N,100
"SUGAR 3KG,",N,33
"SUGAR 1KG,",N,186
"GREEN PEASE 1KG,",N,30
"GREENPEASE 250G,",N,40
"CHERUPAYAR 500GM,",N,30
"CHERUPAYAR 250GM,",N,20
"KADALA 1/2KG,",N,30
"JAYA LALITHA RICE,",N,250
"DOUBLE ROSE,RICE,",N,500
"PARIP 500GM,",N,60
"MUTHIRA 1/2KG,",N,80
"KADALA 1KG,",N,25
"K GOLD RICE,",N,500
"PONI 555RICE,",N,100
"RICE PHR II,",N,100
"SANGU RICE,",N,400
"PARIP 250GM,",N,40
"PAYAR 1KG,",N,75
"PAYAR 500GM,",N,100
"UZHUNNU 1KG,",N,50
"GREEN PEASE 500GM,",N,40
"CHERUPAYAR 1KG,",N,10
"KADALA 250G,",N,40
"IDLY RICE PONNI,",N,50
"PARIP 1KG,",N,60
UZHUNNU 1/2KG,N,80
"PAVIZHAM RICBRAN OIL 1LTR POCH10.00,",N,164
"PAVIZHAM WHAITE KURUVA,",N,50
"PAVIZHAM VADI MATTA RICE,",N,26
"CHOLAM POPCORN,",N,30
"BUSH LEMON YELLOW POWDER PKT100GM3.00,",N,48
"DALDA VANASPATI(200ML),",N,25
"DALDA VANASPATI(100ML),",N,50
",LAYS GREEN RS20,",N,50
",LAYS ORANGE SWEET CHILLI 78GM40.00,",N,17
",LAYS RED TOMATO78GM,",N,36
",LAYS GREEN AMERICAN STYLE 115GM5.00,",N,41
",LAYS INDIAS MAGIC MASALA 80GM 485.00,",N,41
",KURKURE MASALA MUNCH 85GM10.00,",N,17
",LAYS SPANISH TOMATO TANGO RS2045.00,",N,17
",LAYS INDIA MAGIC MASALA RS2045.00,",N,17
",LAYS ORANGE SWEET CHILLI 78GM36.00,",N,26
",LAYS CLASSIC SALTES73.7GM 3018.00,",N,26
",LAYS RED SPANISH,",N,5
",KURKURE CHILLI CHATKAS 90GM10.00,",N,17
",KURKURE GREEN CHUTNEY 90GM10.00,",N,17
",LAYS SIZZLIN HOT 50G 20,",N,45
",LAYS YELLOW 52GM,",N,45
",LAYS GREEN AMERICAN 78GM,",N,36
",LAYS BLUE MAGIC MASALA 78GM18.00,",N,26
",LAYS WESTINDIES HOT N SWEET CHILLI 82GM5.00,",N,41
",KURKURE RED TOMATO 90GM,",N,10
",KURKURE PUFFCORN YUMMY CHE 55G 2010.00,",N,17
",NANDHINI GOODLIFE TONED MILK 1 L24.00,",N,61
",NANDHINI GOODLIFE TONED MILK 500ML24.00,",N,31
",DELMONTE EGGLESS MAYONAS 200GM 753.00,",N,66
",CUTEE GLAZEON WP 4KG 199,",N,30
",WILLY WHYTE TOOTHASTE 200GM12.00,",N,109
"EAGER MASALA MIX 70G,",N,50
",EAST CRSHD CHILLY PDR100G,",N,20
",EAST TURMRC PWD 100GM,",N,50
",EAST CORIADR PDR 100G,",N,40
"SF AASHIRVAAD ATTA 2KG,",N,15
"SF AASHIRVAD ATTA SUPERIOR 1KG30.00,",N,63
"SF AASHIRVAAD ATTA 5KG,",N,3
"POPPINS 2 14.4 GM(50N),",N,300
"PARLE G 250GM 30,",N,48
"HIDE SEEK120GM GM CHOCO,",N,72
"PARLE KRACKJACK 56.7GM 9.56108.00,",N,7
"HIDE SEEK 200GM CHOCO,",N,60
"PARLE G HIDE&SEEK CHOCOLATE CHIP 412GM18.00,",N,114
"PARLE G 800GM(90)16N,",N,16
"PARLE 20 20,BUTTER 150 GM,",N,50
"PARLE KRACK JACK 200GM,",N,40
"PARLE HAPPY HAPPY MRP10,",N,96
"PARLE G 120GM(RS10),",N,72
"ELITE CHAKKI,ATTA 1KG,",N,100
",DABUR HONEY 100GRM(65),",N,12
",DABUR HONEY 250 GRM(120),",N,12
",ODONIL AIRFRESH MYSTIC ROSE 48G(53)12.00,",N,42
",DABUR HONEY 50GRM(40),",N,12
",DABUR HONEY BUYGET1 FREE 225GM 21012.00,",N,209
",ODONIL AIRFRESH ORCHIED DEW 48G(53)12.00,",N,42
",ODONIL AIRFREES LAVENDER 48G (53)12.00,",N,42
"PAVITHRAM TAMARIND 500GM20.00,",N,76
"PAVITHRAM SESAME OIL 1LTR,",N,12
"PAVITHRAM,SESAME OIL 500ML24.00,",N,96
"PAVITHRAM TAMARIND 200G 3740.00,",N,32
"THADI SARASAPARILLA NANNARI SYRUP 750ML12.00,",N,96
"BODHINI ROASTED RAVA 1KG,",N,30
"BODHINI ROASTED RAVA .500GM40.00,",N,30
"DEVON MUSTARD 100GM,",N,50
"DEVON CUMIN SEED 100GM,",N,50
"DEVON FENUGREEK (ULUVA) 100GM100.00,",N,10
"DEVON FENUGREEK 250GM,",N,80
",KPL COCUNUT OIL 500 GM,",N,30
",EMMAS ROASTED RICE POWDER 5KG 99024.00,",N,194
"I FLO CRYSTAL,",N,250
"PARRY AMRIT JAGGERY POWDER 1/2KG5.00,",N,51
"KERALAGLOD COCONUT OIL1L20.00,",N,249
"BINGO MAD ANG ACHAARI MASTI 60GM8.00,",N,16
"BINGO BANGIN BUTTER&GARLIC 22GM 1012.00,",N,8
"BINGO CHIPS HNS KOREAN 44.8GM 208.00,",N,16
"BINGO KILLIN CREAM&ONION 22GM12.00,",N,8
"BINGO ORI STY CREAM&ONION 43GM 208.00,",N,16
"BINGO THRILLING TOMATO CHIPS 48GM8.00,",N,16
"BINGO MASALA MASSACRE CHIPS 23.5GM12.00,",N,8
"BINGO CHILLI SPRINKLED ORIGINAL 22GM12.00,",N,8
"BINGO MAD ANG TOMATO MAD 66G8.00,",N,16
"BINGO TEDHE MED XTRAA TEEKHA 75GM 208.00,",N,16
"BINGO XXXHOT&SPICY 28GM 1012.00,",N,8
"BINGO CHILLI SPRINKLED ORIGINAL 52GM6.00,",N,16
"BINGO SALT SPRINKLED 52GM,",N,6
"BINGO ORIGI STY HOT&SPICY KOREAN 21GM 1012.00,",N,8
"BINGO CHIPS HNS KOREAN STYLE 22GM 1012.00,",N,8
"BINGO THRILLING TOMATO CHIPS(22G) 1012.00,",N,8
"BINGO MASALA MASSACRE 48GM 206.00,",N,16
"BINGO ORI&STY SALT SPRINKLED 22GM12.00,",N,8
"BINGO MAD ANGLES ACHAARI ASTI,",N,12
"BINGO MAD ANG MMMMM MASALA 66G8.00,",N,16
"BINGO MAD ANG VERY PERI PERI 66G8.00,",N,16
"BINGO NACHOS CHEESE 44GM,",N,7
"BINGO NACHOS CHILILIMON 44GM8.00,",N,16
"BINGO TEDHE MEDHE XTRA TEEKHA 37.4GM12.00,",N,4
"BINGO TEDHE MEDHE MASALA TADKA 80GM8.00,",N,16
"BINGO XXX CHILLI CHEESE 28GM 1012.00,",N,8
"ENGAGE INDIGO SKIES PARFUM 100ML 6492.00,",N,429
"VIVEL SANDAL OIL GLO SOFT SKIN 100GM432.00,",N,13
"7 UP 400+150ML 20.00,",N,30
"7 UP,2.5L,",N,9
"7 UP 750ML,",N,15
"7 UP 750ML,",N,24
"PEPSI 250ML,",N,30
"MOUMTAIN DEW 250MLCEN,",N,30
"SLICE 250ML 19.00,",N,30
"PEPSI BLACK ZERO SUGAR 500ML 2030.00,",N,17
"THOLUR KAYAM 25GM 40,",N,20
"THO TEDER MANGO 500GM,",N,3
"THOLUR KAYAM POW 20GM,",N,20
"THO CHICKEN MASALA 100GM,",N,20
"THOLOOR SAMBAR POWDER 100GM20.00,",N,30
"THO TENDER MANGO PIC 200GM POU6.00,",N,58
"THO LIME PICKLE 100GM,",N,20
"THO MANGO PICK 100GM 15,",N,20
",PRAN LITCHI 200ML*(48N),",N,48
",PRAN FLOAT DRINKO LICHI 250ML(35)(24N)24.00,",N,29
",PRAN LITCHI,150ML*(72N),",N,144
",PRAN DRINKO PLOAT PINEAPPLE 250ML24.00,",N,29
"BELLAM 1KG,",N,35
"BELLAM 250G,",N,20
"BARKATHSILVER 11,",N,40
"RAVA 500GM,",N,20
"ELITE BRAN FLAKES 34KG,",N,3
"RAVA 1KG,",N,15
"RAVA 250GM,",N,20
"DH SAMBA BROKEN WHEET 1KG6.00,",N,179
"DH SAMBA BROKEN 500GM,",N,10
"AMUL PANEER 200G MRP115,",N,12
"AMUL FRESH CREAM 250ML,",N,12
"AMULYA 1KGPCH,",N,3
"AMUL BITTER CHOCOLATE 150GM2.00,",N,144
"AMUL COW GHEE 500ML,",N,3
"AMULYA MILK POW 500PCH,",N,24
"AMUL DARK CHOCLATE 150GM 1102.00,",N,144
"MAGGI CHICKEN STOCKCUBE 18GM 25288.00,",N,18
"MAGGI TOMATO KETCHUP BOTTLE 200GM6.00,",N,57
"AVT PREMIUM TEA 500GM,",N,48
"AVT PREMIUM TEA 100GM,",N,240
"SWAD ADATT MATTA RICE 5KG,",N,1
"ADATT PLUS MATTA RICE 50% 1KG3.00,",N,90
"HE SPRE AIMOND 150G 24/140,",N,2
"HE SYRUP CHO180GMX32 RS97.002.00,",N,87
"HE SYR,CHOCO PCH 1*12(10),",N,20
"HE POP JR RS5(WATMEL),",N,192
"HE POP JR RSS(MANGO),",N,192
"HE POP ORNGE,",N,192
"HE POP JR RS5,(STBRY),",N,192
"HE POP JR LOLLI CHERRY FLA 9.5GM 5192.00,",N,4
",UJALA EXOANTTBAC 2IN1 35,",N,192
"ALP POP MILKY CARAMEL,",N,12
"ALP POP CREM STRAWBERY,",N,24
"ALPENLIEBE ECLAIRS POP 8GM48.00,",N,4
"CHUPACHUPS,MANGO&ORANGE 12GM36.00,",N,4
"CHUPACHUPS RAWMANGO&TAMARIND FLA 11GM36.00,",N,4
"CHUPACHUPS GUAVA&TAMARIND12GM 524.00,",N,4
"CHUPA CHUPA SOUR BELT 10GM120.00,",N,4
"ALP POP,CREAM ORANGE,",N,12
"CHUPA CHUPS CRAZYFEET STOMPSTOMP 21GM8.00,",N,8
"CHUPACHUPS CRAWLERS HISS HISS 21GM 1016.00,",N,8
"JUZT JELLY ORANGE BEARS 22.4GM8.00,",N,8
"ALP JUZTJELLY STR&BANA&ORA FLA 22.4 GM16.00,",N,8
"ALPEN JUZTJELLY STB 225PC JAR 832.5G225.00,",N,0
"BRI ARROWROOT THIN 139.2G 2560.00,",N,21
"BRI TOASTEA RUSK 250GM 50,",N,32
"BRI TOASTEA RUSK 72GM,",N,32
"EAGER PONKATHIR PUTTUPODI 500GM20.00,",N,33
"PONKATHIR PUTTU PODI 5KG,",N,5
"EAGER PONKATHIR RICEPODI 5KG5.00,",N,299
"EAGER MANTHI RICE KIT 1KG,",N,3
"EAGER CARDAMOM(ALLAM)RS1050.00,",N,7
"EAGER MASALA PWD(10RS),",N,100
"EAGER JEERA CANDY 25GM(RS10)20.00,",N,7
"EAGER YEST 5GM(RS10),",N,50
"EAGER PAPPAD RING FRAMES 35GM(RS10)10.00,",N,7
"EAGER PAPPAD RING FRAMES 35GM(RS10)10.00,",N,7
"EAGER KARIMJEERAKAM RS10.0010.00,",N,7
"EAGER PEPPER POW 4G(RS10),",N,20
"EAGE GREENCHILLI SAUSE 200GM48.00,",N,32
"EAGER PONKATHIR PUTTUPODI 1KG10.00,",N,66
"EAGER CASHEW NUTS 8GM,",N,50
"EAGER LEMON CANDY 25GM(RS10)20.00,",N,7
"EAGER PAPPAD RING FRAMES 35GM(RS10)10.00,",N,7
"EAGER GRAMBU(RS10),",N,20
"EAGER CHUKKU KAPPI 25G(RS10)20.00,",N,8
"AMUL B/SCOTCH GOLD 1LR 260,",N,2
"AMUL CHOCLATE MAGIC1L195,",N,2
"AMUL CHOCOMALTINO 1LTR 3001.00,",N,222
"AMUL STRY MAGIC(1LMRP150),",N,2
"AMUL VANILAMAGIC 1LT RS180 4.00,",N,148
"AMUL CHOCOBAR(60ML*20P) 1840.00,",N,15
"AMUL TRICONE VANILA 120ML MRP20.0020.00,",N,20
"AMUL ALPHONSAMANGO(1LMRP235)1.00,",N,164
"AMUL CARAMAL CHITE GOLD 1LTR 2351.00,",N,164
"AMUL CHOCOCHIPS(1LMRP210),",N,1
"ELITE SOYA CHUNKS 200GM,",N,40
"ELITE RAGI POWDER 500GM,",N,16
"KOLAPPURAM PORI AVL 400GM 655.00,",N,42
",OLD SPICE SHAVING CREAM ORINGINAL 70G1.00,",N,63
",GILLETTE GUARD SHAV CREAM 94G+31G FREE1.00,",N,49
",ORAL B SEN EXT SOF CRISSCROSS 605.00,",N,22
",ORAL B,CRISSCROSS SOFT DEEP CLEAN 504.00,",N,16
",ORAL B EVERYDAY CARE SENS&GUM EX SO 6+23.00,",N,12
",ORAL B SHINY CLEAN MEDIUM 204.00,",N,14
",ORALB MEDIUM FRESHCLEAN NEEM6.00,",N,14
",ORALB MEDIUM FRESHCLEAN NEEM3.00,",N,14
",ORAL B BACTERIA FIGHTER MEDIUM 304.00,",N,12
",ORAL B KIDS EXTRA SOFT 10+2 2012.00,",N,10
",ORAL B EVERYDAY CARE SENS&GUM EX SO 6+23.00,",N,22
",ORAL B SEN EXT SOF CRISSCROSS 603.00,",N,16
",ORAL B CHARCOAL TB FRESH CLEAN2.00,",N,14
",ORAL B EVERYDAY CARE SENS&GUM EX SO 6+24.00,",N,12
",ORAL B SEN EXT SOF CRISSCROSS 602.00,",N,12
",ORAL B SHINY CLEAN MEDIUM 20 8+4+36.00,",N,10
",ORAL B EX SO FRESH CLEAN SENSITIVE 256.00,",N,10
",ORAL B BACTERIA FIGHTER MEDIUM 303.00,",N,10
",VICKS VAPORUB XTRA STROG 10ML2.00,",N,40
",WILK SALOON-50S PROMO RS123.006.00,",N,17
",GILLETTE GUARD 7SHAVES/BLADE 7+1FREE2.00,",N,93
",GILLETTE GUARD CART 8S SBD 842.00,",N,73
",GILLETTE GUARD SBD 4S 52,",N,2
",GILLETTE VECTOR PLUS RAZOR 991.00,",N,93
",GILLETTE VECTOR +2S 99,",N,1
",GILLETTE PRESTO 3+1(25),",N,16
",GILLETTE VENUS SIMPLY,",N,3
",WHISPER ULTRA SOFT XL 6 PAD 284MM[70]1.00,",N,67
",WHISPER ULTRA SKIN LOVE SOFT XL 15PAD 284MM 1751.00,",N,166
",WHISPER ULTRA ON BINDAZZZ XXL 317MM 7S 1102.00,",N,92
",WHISPER ULTRA BINDAZZZ ON XXL 317MM 15PAD 2251.00,",N,189
",WHISPER ULTRA BINDAZZZ NIGHT XXL+ 6P 360MM 1402.00,",N,121
",WHISPER CH 6 PAD 280MM [45] (60P)60.00,",N,36
",WHISPER CHOICE XL 18 PADS (120)15.00,",N,102
",WHISPER CHO ULTRA XL 10PAD 7012.00,",N,59
",TIDE NATURALS 500G X48,",N,48
",TIDE NATURALS 800GX24 PAR PC24.00,",N,83
",TIDE LIQUID FL 850ML 199,",N,1
",TIDE JR 500G (72)",N,3
",TIDE DOU POW JASMIN ROSE 1KG (140)1.00,",N,127
",ARIEL LIQUID FRONT LOAD 1LTR3.00,",N,185
",ARIEL PERFECTWASH 85X60 PRO10 RS10.00120.00,",N,8
",PAMPERS PANTS BLU SM 7PA 4-8KGPANTS(100)1.00,",N,75
",PAMPERS PANTS BLU LG 9-14KG9 2101.00,",N,163
",PAMPERS PANTS BLU 4-8KG SM 15 1991.00,",N,163
",PAMPERS PANTS BLU 7-12KG MD12 2101.00,",N,163
",PAMPERS PANTS NEWBABY 5KG XS(18P)2101.00,",N,163
",PAMPERS PANTS BLU9-14KG LG 5 1051.00,",N,79
",PAMPERS BLUE PANT XL 2S 12-17KG(40)16.00,",N,30
",PAMPERS BLUE PANTS XTRA LARGE 2S NB35 9-14KG8.00,",N,27
",PAMPERS BLUE PANTS MED NB 7-12KG(28)8.00,",N,22
",PAMPERS BLUE PANTS 2S SM 22,",N,8
",PAMPERS BLUE XXL 15-25 KG 2P 41.008.00,",N,34
",WHISPER CHOICE ULT XL 6PAD 5012.00,",N,45
",WHISPER CHO WINGS REG 6PAD 3712.00,",N,33
"PAVIZHAM NIRADEEPAM,",N,1
"PAVIZHAM NIRADEEPAM 500ML (24N)24.00,",N,84
"PAVIZHAM NIRADHEEPAM 200ML24.00,",N,39
"PAVIZHAM WHITE KURUVA,",N,50
"PAVIZHAM RICBRAN OIL 1LTR POCH10.00,",N,162
"PAVIZHAM UNDA MATTA 5KG,",N,10
"PAVIZHAM UN MATTA RICE 10KG BAG5.00,",N,500
"MAYASUPREME BIG,",N,36
"BARKATHSILVER 11,",N,40
"INDIA GATE (W) SELLA 30 KG,",N,30
"JEERAKASALA ROSE KAIMA1,",N,30
",NEW CHOKI CHOKI JAR RS230,",N,250
",OM SHANTHI CAMPHOR(20),",N,216
",OM SHANTHI VIBUTHI BHASMA POW 40GM36.00,",N,5
",APSARA WAX CRAYONS 10,",N,20
"NRI MEATMASALA PWD 100G,",N,10
"NIRA,RASAM POWDER 100GM,",N,5
"NRI SAMBAR POWDER 100GM,",N,20
"DEVON FENUGREEK (ULUVA) 100GM100.00,",N,10
"MILMA GHEE 200 ML,",N,25
"MILMA GHEE 100 ML,",N,50
"MILMAGEE 50GM,",N,100
"PARACHUTE(100ML),",N,16
"PARACHUTE 175ML(69MRP),",N,12
"PARACHUTE 250ML,",N,6
"PC ADV GOLD COCONUT OIL 190ML 1473.00,",N,135
"K P CHEMPARATHI THAALI 100ML6.00,",N,43
"KP THALI 220ML RS115.00,",N,3
"KP TOOTH POWDER 40GM-22,",N,10
"KP TOOTH POWDER 80G-38,",N,10
"KP STRONG 40GM SP RS32 STRONG10.00,",N,27
"KP TOOTH PASTE(50GM)RS22,",N,24
"KD RED 100G RS23.00,",N,30
"TATA CHINGS DARK SOY SAUCE 90GM24.00,",N,18
PC JASMIN 90ML,N,12
"KANAN DEVAN TEA 250GM,",N,36
"COL CIBACA SFH HARD 30,",N,60
"COL SUPERFLEXI12+2SF(MEDIUM)55.00,",N,10
",KPL COCUNUT OIL 500 GM,",N,30
",KPL COCONUT OIL 1LT PCH,",N,20
",NAMBISAN GHEE 200 ML,",N,5
"KERALAGOLDCOCONUT OIL500ML60.00,",N,124
"RUCHI GOLD PALMOLIN 1LR,",N,80
"GOLDWINNER SF OIL 1L,",N,80
"KERALAGLOD COCONUT OIL1L20.00,",N,249
"CUTICURA ORIGINAL BLOOM TALC 50GM *(50)6.00,",N,45
"HIMA NATU SHAINE HENN 50GM RS35.006.00,",N,28
"HIMA ANTI HAIR FALL CREAM 100ML1.00,",N,90
"HAPPY MILKCHOCO SPREAD 170GM3.00,",N,151
"LAXMANAREKH ORGINAL 15.0024.00,",N,12
"HAPPY IDM MANGO 500GM,",N,9
"LAXMAN REKHAA MULT INSECT KILLER SPR 125ML6.00,",N,60
"YARDLEY GENTLEMAN CLASSIC TLC100GM2.00,",N,108
"YARDLEY CUPBOARD AIR PKT 10GM 656.00,",N,50
"CUTICURA ORIGINAL TALC 100GM6.00,",N,98
"HIMALAYA NATU SHINE HENNA 120GM6.00,",N,60
"HIMA AD HAIR CREAM 100ML,",N,1
"HAPPY MILK CHOCO SPREAD 90GM3.00,",N,74
"HAPPY IDM PINEAPPLE 500GM,",N,9
"YARDLEY ELEGANCE TALC 100GM2.00,",N,108
"YARDLEY MORNING DEW TALC 100GM2.00,",N,108
"LAVENDER LAVENDER AIR PKT 10GM 6512.00,",N,50
"HAPPY IDM ORANGE 500GM,",N,9
"ELITE BRAN FLAKES 34KG,",N,2
"MAIDA 1KG,",N,15
"MAIDA 250GM,",N,20
"MAIDA 500GM,",N,10
"SF DARK FANTASY CHOCO FILLS 18GM,",N,200
"SF DARK FANTASY CHOCOLATE 83GM4072.00,",N,13
"SF MARIE LIGHT VEDA 248.6GM(40)36.00,",N,36
"SF ARROEROOT THIN 300GM 50,",N,16
",AJMISTEM PUTTUPODI500GM,",N,100
",AJMI RICE PWD 500GM,",N,100
"SLICE 1.2 LTR,",N,3
"PEPSI 750ML,",N,24
"LEHAR SODA 750ML,",N,24
"PEPSI,2.25L,",N,3
"PEPSI 750ML,",N,15
"SF AASHIRVAAD ATTA 2KG,",N,15
"SF AASHIRVAD ATTA SUPERIOR 1KG30.00,",N,63
"YIPPEEI ND MOOD MASALA 70GM48.00,",N,13
"OREO ORIGINAL VANILLA 41.75G RS10 120N120.00,",N,8
"OREO CHOCOLATE MRP10,",N,120
"KADAMKULATHY MULTI MILLET STEAM PUTTUPODI 500GM 903.00,",N,72
"KANDAMKULATHY RAGI STEAM PUTTU PODI 500GM 753.00,",N,60
"KANDAMKULATHY CORN STEM PUTTUPODI 500GM 603.00,",N,48
"KANDAMKULATHY MULTI GRAIN STEAM PUTTUPODI 500GM 703.00,",N,56
"KANDAMKULATHY CORN RAVA 500GM3.00,",N,51
"KANDAMKULATHI ELADI 125JAR205.00,",N,0
"BELLAM 250G,",N,20
"BELLAM 1KG,",N,60
"RAVA 250GM,",N,20
"ELITE BRAN FLAKES 34KG,",N,2
"RAVA 500GM,",N,20
"RAVA 1KG,",N,15
"SF BOUNCE CREAM CHOCO TWI 62GM24.00,",N,8
"SF DARK FANTASY BOURBON 150GM(35)144.00,",N,11
"SF BOUNCE CREAM PINEAPPLE 62.GM24.00,",N,8
"SF BOUNCE CREAM ELAICHI DELI 62GM24.00,",N,8
"SF BOUNCE CREAM TANGY ORA 62GM24.00,",N,8
"SF MOMS MAGIC SHINING BUTTER COOKIE 128GM 3530.00,",N,26
"MULAKU 1KG,",N,90
"SUGAR 2KG,",N,125
"SUGAR 3KG,",N,33
"SUGAR 250G,",N,20
"SUGAR 5KG,",N,30
"SUGAR 1KG,",N,236
"SUGAR 500 GM,",N,20
"RICE JAYA KURUVA,",N,400
"PARIP 1KG,",N,80
MUTHIRA 250GM,N,40
"KADALA 250G,",N,40
"THENNAI,",N,50
"SANGU RICE,",N,500
"PARIP 500GM,",N,100
"PARIP 250GM,",N,80
"MUTHIRA 1KG,",N,60
"MUTHIRA 1/2KG,",N,60
"UZHUNNU 1KG,",N,30
UZHUNNU 1/2KG,N,30
"UZHYUNNU 250G,",N,20
"KADALA 1/2KG,",N,60
"KADALA 1KG,",N,60
"GOLDWINNER SF OIL 500ML,",N,140
"IDHAYAM GINGELLYSEED 500GM BIACK EALLU10.00,",N,171
"GOLDWINNER SF OIL 1L,",N,100
",PRAN LITCHI 200ML*(48N),",N,48
",PRAN GARLIC TOAST 500GM,",N,5
",PRAN POTATO BISCUIT50GM(*48N)96.00,",N,19
",CHAMPION WAFER ROLL 69GM CHOCO120.00,",N,23
",PRAN FAMILY TOAST 500GM,",N,5
"SOORE WHITE 225GM,",N,200
"KATHIR RIC PWD 1KG,",N,50
"TT KAYAM POW 20GM,",N,10
"AMUL MITHAI MATE 200GM,",N,12
"AMUL BUTTER 100GM,",N,15
"AMUL PANEER 200G MRP115,",N,40
"AMUL COWGHEE 200ML(128),",N,12
",AJMI PUTTUPODI 1 KG,",N,100
",WHEEL LMN&JAS PWD C 1KG(RS52)25.00,",N,66
",WHEEL CLEAN&FRESH 500GM,",N,30
",PEARS PURE AND GENTLE 100GM 108N108.00,",N,43
",BRU INSTANT COFFE 7.3GM RS10360.00,",N,8
",NANDHINI GOODLIFE TONED MILK 1 L24.00,",N,61
",NANDHINI GOODLIFE TONED MILK 500ML24.00,",N,31
"RKG 500GM TEN,",N,6
"RKG 50GM TIN,",N,24
"RKG 1KG,",N,3
"RKG 100GM TIN,",N,24
"YIPPEE MAGMSL NOOD 435.6GM 90 24N24.00,",N,82
"SF AASHIRVAD ATTA SUPERIOR 1KG30.00,",N,63
",EAST CHKN M P 100GM,",N,10
",EAST CHILLY PDR100G,",N,20
",EAST CHILLY PDR 250G,",N,8
",EAST CORIADR PDR 100G,",N,20
",EAST CORIADR PDR 250GM,",N,8
",EAST GARAM MASALA,",N,50
",EAST BIRIYANI MASALA P 100G10.00,",N,51
",EAST PICKLE PDR100G,",N,10
",EAST MEAT MA PWD100G,",N,10
",EAST CUMIN PDR 50G,",N,20
",EAST PAPPER(50G),",N,40
",EAST DRYGINGER PDR 100G,",N,10
"INDIA GATE (W) SELLA 30 KG,",N,60
"BARKATHSILVER 11,",N,120
"JEERAKASALA ROSE KAIMA1,",N,60
"MUBARAK EVERYDAY 30KG,",N,30
"SINNARA BASMATHI RICE,",N,28
"CLASSMATE NOTEBOOK(2000221)SR 108-12124.00,",N,38
"CLASSMATE.172PG.NOT.B.UR 108-222.200022224.00,",N,38
"CAD DAIRY MILK 20.2GM RS20 (40)40.00,",N,17
"LOTUS BISCOFF CARAMELIZED COOKIE 25GM195.00,",N,8
"LOTUS BISCOFF CARAMELIZED COOKIE 25GM15.00,",N,8
"CAD DAIRY MILK 40GM 45(30U) 30.00,",N,40
"LOTUS BISCOFF CARAMELIZED COOKIE 75GM 75N75.00,",N,25
"MILMA GHEE 500 ML,",N,20
"MILMA,GHEE 1LTR,",N,3
",JOHNSONS S EARBUDS 75 N 165,",N,6
"SF SECURE DRY WINGS 7~S(35),",N,12
"SF SECURE COTTONY 20S POPU(99)12.00,",N,80
"SF SECUREXL WINGS 6~S(42) 84UN24.00,",N,34
"SF SECURE XL WINGS 18S (120)30U30.00,",N,97
"SF SE NIGHTS XXL6N (50),",N,6
"RUCHI GOLD OIL 500ML,",N,20
"I FLOFREE IODISED SALT,",N,250
"BRI GOOD DAY CASHEWRS10.0090.00,",N,9
"BRI NUTRI CHOICE DIGESTIVE 250GM(70)12.00,",N,53
"BRI TIME PASS CLASSIC 28,",N,24
"BRI 50 50 GOLMAAL 110GM,",N,60
"BRI MASKA CHASKA 114.1GRM,",N,36
"BRI GOODDAY BUTTR COO 75GM(RS10)90.00,",N,9
"BRI LITTLE HEARTS(10)50G,",N,75
"BRI MILK BIKIS CREAM 112.8GM 3530.00,",N,45
"BRI ARROWROOT THEN 300G 16PK96.00,",N,43
"BRI 50 50 SWEET&SALTY 200 GM36.00,",N,31
"BRI BOURBON 150GM 36PAK CBB48.00,",N,31
"BRI CHOCOCHIP 200 GM,",N,30
"BRI MILK BIKIS MILK CREAM 47GM 1072.00,",N,8
"BRI ARROWROOT THIN 139.2G 2560.00,",N,21
"BRI TIGER DOODH GLUCOSE 90.2GM 1030.00,",N,8
"BRI BOURBON CHOCOLATE 50+10GM(10RS)140.00,",N,9
"ELITE RAVA 1 KG,",N,20
"ELITE MAIDA 1KG,",N,20
"ELITE RAVA 500GM,",N,40
"BODHINI RAGI PUTTU PODI 500GM20.00,",N,30
"BODHINI MUSTARD KADUK 100GM100.00,",N,10
"BODHINI TURMERIC POW 100GM80.00,",N,19
"BODHINI TURMERIC POW 250GM8.00,",N,47
"DH ESYPALAPPAM 1KG,",N,10
"DH RAGI POWDER 500GM,",N,30
"DH ROASTED RAVA 1KG,",N,5
"DH PALADAMIX(300GM),",N,12
"DH MATTA BROKEN RICE 500GM6.00,",N,53
"DH RED AVALTHICK 500GM 77,",N,15
"DH RED AVAL 500GM 78,",N,12
"DH RICE PALADA 200GM,",N,6
"DH ROASTED VERMICELLI 400GM RS52.0010.00,",N,49
"DH MACARONI 400GM,",N,20
"DH SOYA CHUNKS BIG 200GM,",N,10
"DH SOYA CHUNKS NANO 200GM10.00,",N,40
"DH EASY PALAPPAM 500GM,",N,15
"DH ROASTED RAVA 500GM,",N,10
"DH VERMICELLI KHEER MIX 300GM12.00,",N,70
"DH AVAL WHITETHICK(RS42),",N,15
"DH AVAL WHITE 500GM(62),",N,12
"DH ROASTED VERMICELLI 200GM10.00,",N,24
"DH RICE PALADA 500GM RS91.00 6.00,",N,82
",NAMBISAN S GHEE 50ML,",N,10
",BAMBINO LONG CUT(350G),",N,81
",BAMBINO VERMICELLI 150GM,",N,24
",BAMBINO PASTA MACARONI 400GM50.00,",N,46
",NAMBISAN GHEE 200 ML,",N,10
",SWARNAM GINGELY OIL 500ML24.00,",N,102
",BAMBINO VERMICELLI 400S/C,",N,12
",ROASTED VERMICELLI(MRP25)200GM24.00,",N,24
",BAMBINO PASTA MACROI 200GM,50.00,",N,22
",KPL COCONUT OIL 1 LTR BOTTLE6.00,",N,367
",PRAN LITCHI FRUIT DRINK 1LIT12.00,",N,60
",PRAN DRINKO PLOAT PINEAPPLE 250ML12.00,",N,29
",PRAN DRINKO LITCHI 330ML,",N,5
",PRAN DRINKO LITCHI 330ML,",N,5
",PRAN DRINKO PLOAT PINEAPPLE 250ML5.00,",N,55
",PRAN FLOAT DRINKO LICHI 250ML(35)(24N)24.00,",N,29
",DRINKO FLOAT MANGO DRINK 250ML12.00,",N,29
",PRAN DRINKO GRAPE 330ML,",N,5
",PRAN DRINKO STRAWBERRY 330ML5.00,",N,55
"UN DIGESTIVE 150G(1+1)RS40.0036.00,",N,40
",CLOSE UP(80G),",N,48
",CLOS UP 45GM,",N,62
",PEARS PURE&GENTLE SOFT 75GM 40108.00,",N,30
",BRU INSTANT SUPER STRONG 200 GM30.00,",N,228
",CLOSE UP 150GM,",N,24
"EVERYDAY DW 400GM FREE 100GM EXT32.00,",N,217
"MAGGI COCONUT MILK PWD 25GM40.00,",N,34
"MAGGI TOMATO KET PICHKOO,",N,32
"NESCAFE CLASSIC DAWN JAR 24X90GM 25.OFF1.00,",N,415
"NESCAFE CLASSIC JAR 50GM,",N,2
"MAGGI 2 MIN FAM PACK 560 GM(120)12.00,",N,106
EVERYDAY 100G,N,6
"EVERYDAY 200GM,",N,6
"MAGGI 2 MIN MAS NDLS(280GM)24.00,",N,51
"MILKYBAR CHOO STRW30(28X10G)RS5.0030.00,",N,4
"EVERYDAY DW 12X1KG,",N,3
"MAGGI TOMATO SAUCE NONG BTL190G8.00,",N,68
"NESCAFE CLASSIC JAR 25GM,",N,4
"MAGGI MASALA 140GM,",N,48
"MUNCH MAXX NUTS 37.5GM 30(20N)20.00,",N,21
"MAYASUPREME BIG,",N,36
"SLICE TETRA 125ML 10,",N,120
"MIRINDA 750ML,",N,24
"RUCHI GOLD PALMOLIN 1LR,",N,80
"GOLDWINNER SF OIL 1L,",N,80
"KERALAGLOD COCONUT OIL1L50.00,",N,249
"KERALAGOLDCOCONUT OIL500ML20.00,",N,124
"BINGO BANGIN BUTTER&GARLIC 22GM 1012.00,",N,8
"BINGO CHIPS HNS KOREAN STYLE 22GM 1012.00,",N,8
"BINGO THRILLING TOMATO CHIPS(22G) 1012.00,",N,8
"BINGO MASALA MASSACRE CHIPS 23.5GM12.00,",N,8
"BINGO CHILLI SPRINKLED ORIGINAL 22GM12.00,",N,8
"BINGO KILLIN CREAM&ONION 22GM12.00,",N,8
"BINGO ORIGI STY HOT&SPICY KOREAN 21GM 1012.00,",N,8
"BINGO ORI&STY HIMALAYAN PINK SALT21GM12.00,",N,8
"BINGO MAD ANGLES ACHAARI ASTI,",N,12
"BINGO NACHOS CHILLI LIMON 23GM10.00,",N,8
"BINGO TEDHE MEDHE MASALA TADKA 40GM12.00,",N,8
"BINGO XXX CHILLI CHEESE 28GM 1012.00,",N,8
"BINGO MAD ANGLEE MYSTERY PICKLE 30GM 1012.00,",N,8
"MAD ANGLES TOMATO MADNESS 36.5GM12.00,",N,8
"BINGO ORIGINAL CRE&ONION 22GM12.00,",N,8
"BINGO ORI&STY SALT SPRINKLED 22GM12.00,",N,8
"MAD ANGLES VERY PERIPERI 32.GM12.00,",N,8
"BINGO,TEDHE MEDHE CHATPATA TWIST 38.4GM12.00,",N,8
"BINGO XXX HOT&SPICY 28GM 1012.00,",N,8
",LAYS RED RS10,",N,60
",LAYS BLUE INDIA S MAGIC,",N,28
",KURKURE MASALA MUNCH 85GM36.00,",N,8
",LAYS SO GREEN 12GM RS5,",N,12
",LAYS BLUE INDIA 13.5GM,",N,12
",QUAKER OATS 400GMPOUCH,",N,24
",LAYS SIZZLIN HOT 25G,",N,60
",LAYS ORANGE WESTINDIES 28GM24.00,",N,8
",KURKURE GREEN CHUTNEY RS1036.00,",N,8
",LAYS SO RED RS5.00,",N,12
",QUAKER FLAVOUR MIX OATS200GM(49)36.00,",N,52
",LAYS CLASSIC SALTED 28GM,",N,36
",KURKURY NAUGHTY TOMATO RS1048.00,",N,8
",KURKURE SCHEZWAN CHUTNEY 36.5GM20.00,",N,8
",LAYS ORANGE 13.5GM,",N,12
",LAYS YELLOW CLASSIC 13.5GM12.00,",N,4
"ELITE SAMBA BRO WHEAT 500GM(100)6.00,",N,81
"ELITE BRO WHEAT FINE 500G,",N,16
ELITE ATTA 2KG,N,10
"ELITE BANSI RAVA 500GM RS41.0013.00,",N,35
"ELITE CHAKKI ATTA 5+1=6KG,",N,4
"FIAMA GEL BAR BLACKC&BEARB 125GM4.00,",N,74
"FIAMA GEL BAR PEACH&AVOCADO 125GM4.00,",N,74
"FIAMA GEL BAR REFRESHING PULSE 125GM4.00,",N,74
"FIAMA COOLGEL BAR MENTHOL&MAGNOLIA 125GM2.00,",N,74
",BOOMR MINT FLA GUM 540GM 180U180.00,",N,0
",SNICKERS PEANUT T312 11.5GM (40NO)10.00240.00,",N,8
",BOUNTY T2(15NO) 28.5GM 35.00 15.00,",N,39
",GALAXY SMOOTH MILK 30GM12X24 30GM 506.00,",N,57
"EAGER CASHEW NUTS 8GM,",N,50
"EAGER WHITEKISMISS(25G)RS1050.00,",N,7
"EAGER CARDAMOM(ALLAM)RS10100.00,",N,7
"EAGER CHILLY SOUCE 700GM,",N,6
"EAGER SOYA SOUCE 700GM,",N,6
"EAGER TOMATO SOUSE 1KG(P),",N,24
"EAGER YEST 5GM(RS10),",N,100
"EAGER SOYA 200GM SOUC,",N,24
"MAIDA 1KG,",N,35
"MAIDA 500GM,",N,20
"MAIDA 250GM,",N,20
"ELITE BRAN FLAKES 34KG,",N,2
"PAVIZHAM RICBRAN OIL 1LTR POCH10.00,",N,169
"PAVIZHAM UN MATTA RICE 10KG BAG5.00,",N,480
"PAVIZHAM VADI MATTA RICE,",N,26
"UJALA EXO BAR 125+15GM 144PC576.00,",N,8
"UJALA EXO BAR 300GM(70P),",N,158
"PRIL TAMARIND SHINE SPECIALIST LQ100ML6.00,",N,107
"UJALA EXO BAR T&S50GM 216N720.00,",N,4
"PAVIZHAM RICBRAN OIL 1LTR POCH10.00,",N,167
"PAVIZHAM AVALTHAVED 40KG 2.00,",N,740
"PAVIZHAM UNDA MATTA 5KG,",N,10
"PAVIZHAM MATTA ROASTED AVEL 500GM20.00,",N,31
"THO MANGO PKL 1KG,",N,3
"THO MANGO PKL 250JA,",N,24
"THO GARLIC PKL 250JA,",N,8
"THO MANGO PICK 100GM 15,",N,20
"NRI CHICKEN PWD(100G),",N,40
"7 UP,2.5L,",N,18
"7 UP 750ML,",N,48
"TROPICANA MIXED FRUIT MAGIC 500ML8.00,",N,25
"INDIA GATE (W) SELLA 30 KG,",N,150
"BELLAM 1KG,",N,60
"BELLAM 250G,",N,20
"SF DARK FANTASY BOURBON 65.1G 10120.00,",N,9
",KPL COCONUT OIL 1LT PCH,",N,40
",KPL COCUNUT OIL 500 GM,",N,30
"COLGATE STRONG TEETH TP 100GM72.00,",N,63
"COLGATE MAXFRESH RED70G,",N,6
"COL MAX FRESH BLUE TP 80GM,",N,6
"COLGATE TP STRO TEETH 200GM12.00,",N,118
"COLGATE STRONG TEETH TP 150GM12.00,",N,90
"DHATHRI D.SHAMPOO 30MLRS35.0013.00,",N,23
"DHATHRI D SHAMPOO 5ML SACH150.00,",N,1
"DHATHRI D.SHAMPOO 98ML,",N,24
"DHATHRI D.SHAMPOO 200ML RS175.0013.00,",N,120
"KATHIR RICE PWD 5KG,",N,25
"AMULYA MILK PWD 100GM,",N,25
"AMULYA MILK POW 200 GM,",N,15
"AMUL COW GHEE 500ML,",N,6
"AMUL FRESH CREAM 250ML,",N,6
"AMUL COOKING BTR 100GM,",N,24
"ELITE MILK RUSK 200GM,",N,48
"GOLD 916 BAR 400GM,",N,24
",EAST KASHMIRI CHILLY PWD 100G50.00,",N,46
",EAST KASHMIRI CHILLY 2502G,",N,12
",EAST FENNEL PDR 100G,",N,5
",EAST FENNEL P JIRAKAM 100G,",N,20
",EAST PICKLE POWDER 25GM 10 20.00,",N,7
",EAST MEAT MA PWD100G,",N,20
",EAST FISH MASALA 100GM,",N,10
",EAST RASAM PDR100G,",N,10
",EAST SAMBAR PDR100G,",N,50
"L G 50GM PWD,",N,20
"L G CAKE 50GM(63.50),",N,40
"L G CAKE 100GM B/L,",N,10
"L G 100 GM PWD B/L,",N,10
"BARKATHSILVER 11,",N,120
"INDIA GATE (W) SELLA 30 KG,",N,60
"JEERAKASALA ROSE KAIMA1,",N,60
"MUBARAK EVERYDAY 30KG,",N,60
"RAVA 500GM,",N,20
"ELITE BRAN FLAKES 34KG,",N,2
"RAVA 1KG,",N,15
"RAVA 250GM,",N,20
"OREO VANILLA 125.25GM(60N)3060.00,",N,25
"TANG LEMON 500GM,",N,11
"TANG LEMON 500GM,",N,1
"OREO CHOCO CREM 125.25GM (60N)2660.00,",N,25
"TANG MANGO 500GM 150,",N,12
"TANG ORANGE 500G,",N,8
"TANG LEMON MRP30.00,",N,36
"TANG MANGO 75GM (30),",N,36
"TANG ORANGE 75GM (30),",N,36
"TANG ORANGE 500G,",N,4
"YIPPEE MAG MAS ND(140G)48N,",N,48
"SF AASHIRVAAD ATTA 2KG,",N,30
"SF AASHIRVAAD ATTA 5KG,",N,3
"BRA PICKLEPOWDER 100GM,",N,20
"SISO HAIRCOL MINI PACK 10ML60.00,",N,10
"SISO HAIR COLOUR SHAMPOO 20GM120.00,",N,14
"PAVITHRAM,SESAME OIL 500ML24.00,",N,96
"CRAZE THIN ARROWROOT 300GM 5048.00,",N,36
",PRIL LIME GREASE FIGHTER 425ML30.00,",N,102
",UJALA WASHING POW 105GM,",N,150
",PRIL LIME GREASE FIGHTER 225ML48.00,",N,47
"GOLDWINNER SF OIL 500ML,",N,160
"GREEN CHILLIES S.VINEGAR 500ML120.00,",N,15
"PARRY AMRIT JAGGERY POWDER 1/2KG5.00,",N,51
"MILMA GHEE 200 ML,",N,25
"KP DHAHAMUKTHI 25 GM,",N,30
"KP PASTE GEL 80GM,",N,12
"KP TOOTH PASTE 100GM(70),",N,12
"PARACHUTE 500ML,",N,3
"KD RED 250 72,",N,12
"KP NAMBOODIRIS T PASTE 150GM12.00,",N,77
"PC JASMIN 45ML(RS20),",N,12
"TATA CHING S&J GINGER GARLIC AST 25GM 548.00,",N,3
"CLINIC PLUS STRONG&LONG 55ML 2018.00,",N,16
"REXONA SOAP 150G,",N,12
"DOVE SERUM BAR 100GM,",N,24
"LIFEBUOY COOLS SKIN ICE BATH 100BM12.00,",N,30
"VIM LIQUID YEOW BOTTLE(250ML)24.00,",N,53
"CUMIN RAIDCO 100GM,",N,50
"FENNEL RAIDCO 100GM,",N,50
"MASTER CORN FLOUR 100G,",N,24
"MASTER PLAIN CHNA GRASS 10G12.00,",N,30
"MASTER KASURI METHI 25GM,",N,24
"MASTER CHEF CHIA SEED 50GM,",N,6
"MASTER KASKAS 50GM,",N,6
"MASTER BAKING SODA 50G,",N,6
"MASTER BAKING POW 50GM,",N,6
"MASTER COCOA POWDER 50G,",N,6
"MASTER CHAT MASALA100GM,",N,6
"MASTER CHEF CHICKEN FRY MASALA 50GM6.00,",N,35
"MASTER MANTHI MASALA 50GM6.00,",N,35
"MASTER AL FAHAM MASALA 50GM2.00,",N,35
"MASTER CHEF PANEER BUTTER MASALA 50GM3.00,",N,35
"MASTER CHEF DRIED YEAST25GM3.00,",N,24
"MASTER CUSTARD POWDER 100GM6.00,",N,27
"KABANI ACTIVE ROSE DETER POW 3+2=5KG30.00,",N,194
"I FLO CRYSTAL,",N,250
",DALDA VANASPATI 500ML(32N)10.00,",N,80
"SUGAR 3KG,",N,33
"SUGAR 5KG,",N,20
"SUGAR 500 GM,",N,20
"SUGAR 2KG,",N,50
"SUGAR 250G,",N,8
"SUGAR 1KG,",N,189
"PONI 555RICE,",N,100
"JAYA LALITHA RICE,",N,250
"RICE PHR I,",N,150
"CHERUPAYAR 1KG,",N,30
"CHERUPAYAR 250GM,",N,40
"PARIP 1KG,",N,80
"PARIP 500GM,",N,100
"PARIP 250GM,",N,80
"K GOLD RICE,",N,500
"DOUBLE ROSE,RICE,",N,148
"CHERUPAYAR 500GM,",N,40
",SWARNAM GINGELLY OIL 200ML50.00,",N,42
",AJMI RICE POEDER 5KG,",N,5
",AJMI FRIED RAVA 500G,",N,20
"NUTELLA 160G12X6(MRP215),",N,40
"SF DARKFANTASY CHOCOFILLS 75GM 40120.00,",N,31
"SF MOMS MAGIC SHINING BUTTER COOKIE 44GM1096.00,",N,8
"LAXMAN REKHAA MULT INSECT KILLER SPR 125ML12.00,",N,60
"HAPPY IDM LEMON125GM,",N,12
"HIMA AD HAIR CREAM 100ML,",N,1
"HIMA BABY SOAP ALOE OLIVE 75GM2.00,",N,48
"HIMA BABY LOTION 100ML,",N,2
"HAPPY PEANUT BUTTER CREAMY 200GM12.00,",N,86
"H200G PEANUT CRUNCHY(110MRP)12.00,",N,86
"HAPPY IDM ORANGE 125GM,",N,12
"DURA CELL(AA) RS 25,",N,120
"HIMA NEEM FACE WASH 15ML RS15.0012.00,",N,17
"HIMA TAN REMOVAL ORANGE FACE WAS 50GMRS68.003.00,",N,99
"HIMA winter cherry&aloe serum body loti 100ml1.00,",N,88
"HIMA PROTEIN HAIR CREM 100ML1.00,",N,90
"HIMA ALOEVERA FACE GEL 100ML2.00,",N,78
"HIMA BABY SOAP HONEY MILK75GM2.00,",N,48
"HIMA BABY CREAM 50ML,",N,2
"HIMA BABY CREAM 100ML,",N,1
"HIMA TOOTH PASTA 80GM COMPLETE CARE3.00,",N,45
"KRAZY RATMAAR RAT KILLER 25GM 1512.00,",N,10
"HIMA NEEM FACE WASH 50ML,",N,6
"HIMA BABY SOAP GENTLE,",N,75
",BOOST SACHET 9GM (5) 720N,",N,1440
",VIM BAR FLOW 110G+45G=155GM10(96P)192.00,",N,8
",VIM BAR 70GM(189P) 5.00,",N,189
",VIM LIQUID YELLOW 750ML,",N,12
",VIM BAR FW 300GM(50N),",N,100
",VIM DRP BOTTLE500ML 125,",N,24
"SENSODYNE FRESH GEL 150G,",N,6
"SENSODYNE,RAPID RELIEF 80GM3.00,",N,165
"SENSODYNE DALI CARE SOFT BRUSH 3030.00,",N,24
"SENSODYNE FRESH MINT 150GM6.00,",N,198
"SENSODYNE PRONAMEL FRESH BREATH 70GM 1403.00,",N,124
"SENSODYNE PRONAMEL DAILY PROTECTION 70GM3.00,",N,124
"SENSODINE FRESH NINT 40GM,",N,12
"SENSODYNE REPAIR&PROTECT 70G3.00,",N,176
",EAST CHILLY PDR 250G,",N,12
",EAST CHILLY PDR100G,",N,20
",EAST SAMB POW RS10.00,",N,40
",EAST MEAT MASALA POW 20G 1020.00,",N,7
",EAST CHKN M P 100GM,",N,10
",EAST PICKLE PDR100G,",N,10
",EAST FENUGREEK POW 100GM,",N,5
"CLASSMATE.172PG.NOT.B.UR 108-222.200022224.00,",N,38
"CLASSMATE NOTEBOOK(2000221)SR 108-12124.00,",N,38
"PEPSI BLACK ZERO SUGAR 500ML 2030.00,",N,17
"MOUMTAIN DEW 250MLCEN,",N,30
"7 UP 750ML,",N,15
"SLICE 1.2 LTR,",N,12
"7 UP 400+150ML 20.00,",N,30
"MIRINDA 250ML+150ML=400ML 2030.00,",N,17
"SLICE 250ML 19.00,",N,30
"SLICE 600ML 40,",N,24
"PEPSI 250ML,",N,30
",NANDHINI GOODLIFE TONED MILK 1 L24.00,",N,61
",NANDHINI GOODLIFE TONED MILK 500ML48.00,",N,31
"SF BINGO HASHTAGS SPICYMASALA 53GM 306.00,",N,25
"BINGO ORI STY CREAM&ONION 43GM 206.00,",N,16
"BINGO THRILLING TOMATO CHIPS 48GM6.00,",N,16
"BINGO MASALA MASSACRE 48GM 206.00,",N,16
"BINGO ORI&STY CHILLI SPRINKLED 90GM 506.00,",N,43
"BINGO ORI STY CREAM&ONION 43GM 206.00,",N,16
"BINGO ORI STY CREAM&ONION OS 58GM 306.00,",N,25
"BINGO ORIGI STY HOT&SPICY KOREAN STY 90GM6.00,",N,43
"BINGO ORI&STY HIMALAYAN PINK SALT 42GM6.00,",N,16
"BINGO MAD ANG ACHAARI MASTI 60GM6.00,",N,16
"BINGO THRILLING TOMATO CHIPS 48GM6.00,",N,25
"BINGO CHILLI SPRINKLED ORIGINAL 52GM6.00,",N,16
"BINGO ORI&STY SALT SPRINKLED 90GM 506.00,",N,43
"BINGO KOREAN NACHOS CHILLI FLA 37GM6.00,",N,16
"BINGO MAD ANG TOMATO MAD 66G6.00,",N,16
"DAIRYMILK MRP 5 (72U),",N,144
"DAI CRISPELLO 13G RS10.00 (40U)40.00,",N,9
"CAD DAIRY MILK FRUIT&NUT 75GM5.00,",N,95
"DAI SHOTS 9.6GM 5*(64N),",N,64
"DAIRYMILK MRP 10(56U),",N,112
"CAD DAIRY MILK LOLLY 8.3G*(48U)96.00,",N,4
"CAD FRUIT&NUT 36G RS49.00,",N,20
"SILK ROAST ALMOND 75GM 107,",N,5
"CDM CRACKLS 36G RS49.00,",N,20
"CAD DAIRY MILK CRACKLE 75GM5.00,",N,95
"ELITE RAVA 500GM,",N,40
"ELITE MAIDA 500GM,",N,20
"EAGER PONKATHIR PUTTUPODI 500GM40.00,",N,33
"EAGER PONKATHIR PUTTUPODI 1KG30.00,",N,66
"CRAZE THIN ARROWROOT 300GM 5072.00,",N,36
"BELLAM 1KG,",N,40
"BELLAM 250G,",N,20
"BRI 50 50 SWEET&SALTY 75.6GM54.00,",N,8
"BRI GOODDAY CASHEW COOKIES MRP 4020.00,",N,40
"BRI TOASTEA RUSK 250GM 50,",N,32
"MULAKU 1KG,",N,87
"SOYA CHUNKS SMALL,",N,20
"GREENPEASE 250G,",N,40
"KANJI PULLU,",N,50
"ASHIRBAD RICE,",N,400
"MUTHIRA 1/2KG,",N,30
"PAYAR 1KG,",N,60
"GREEN PEASE 1KG,",N,30
"KADALA 1KG,",N,60
"KADALA 250G,",N,40
"DOUBLE ROSE,RICE,",N,400
MUTHIRA 250GM,N,40
"PAYAR 250GM,",N,40
"MUTHIRA 1KG,",N,25
"PAYAR 500GM,",N,60
"GREEN PEASE 500GM,",N,40
"KADALA 1/2KG,",N,60
"PAVIZHAM RICBRAN OIL 1LTR POCH10.00,",N,165
"PAVIZHAM VADI MATTA RICE,",N,26
"PAVIZHAM UN MATTA RICE 10KG BAG5.00,",N,483
"PAVIZHAM NIRADEEPAM 500ML (24N)24.00,",N,85
"MAIDA 250GM,",N,20
"RAVA 500GM,",N,20
"MAIDA 1KG,",N,35
"MAIDA 500GM,",N,20
"RAVA 1KG,",N,15
"RAVA 250GM,",N,20
"EVEREADY POW ZAP MOSQUITO RACQUET3.00,",N,350
"EVEREADAY AA ULTIMA POWERFUL 25120.00,",N,17
"GOLDWINNER SF OIL 1L,",N,150
"AVT PREMIUM TEA 250GM,",N,96
"PARLE HIDE&SEEK CHOCOLATE 100+20GM72.00,",N,25
"MAGGI COCONUT MILK POW 100GM15.00,",N,128
"AMUL FRESH CREAM 250ML,",N,20
"AMUL MASALA PANEER NUGGETS 300GM2.00,",N,132
"AMUL BUTTER 100GM,",N,12
"AMUL CHEESE SLICE 100GM,",N,30
"AMUL COOKING BTR 100GM,",N,12
"AMUL MITHAI MATE 200GM,",N,12
",AJMI RICE,POWDER 1KG,",N,50
"AMUL CHOCOCHIPS(1LMRP210),",N,1
"AMUL STRY MAGIC(1LMRP195),",N,2
"AMUL VANILA 500ML MRP85,",N,6
"AMUL ALPHONSO MANGO500ML RS80.002.00,",N,86
"AMUL TRICONE B/S120ML(20P)(30)40.00,",N,24
"AMUL CHOCOBAR(60ML*20P) 1860.00,",N,14
"AMUL CARAMAL CHITE GOLD 1LTR 2351.00,",N,164
"AMUL TRICONE CH(120X20P)30RS40.00,",N,24
"RAVA 250GM,",N,20
"MAIDA 1KG,",N,35
"RAVA 1KG,",N,15
"MAIDA 500GM,",N,20
"ELITE BRAN FLAKES 34KG,",N,2
"RAVA 500GM,",N,20
"MAIDA 250GM,",N,20
",SUNLIGHT NTR PWD 1KG,",N,75
",SUNLIGHT NTR PWD CG 400G 50100.00,",N,50
"THADI SARASAPARILLA NANNARI SYRUP 750ML24.00,",N,96
"PAVITHRAM TAMARIND 500GM20.00,",N,76
"NRI CHICKEN PWD(100G),",N,20
"PHI LED BULB ACE SAVER 9W B22WH 155108.00,",N,47
"PHI STELLAR BRIGHT 12W/86,",N,12
"CAD FUSE 23GM 24U 20,",N,24
"DAIRYMILK MRP 10(56U),",N,112
"DAIRYMILK MRP 5 (72U),",N,72
"DAI MILK CHOCOLATE BIG FAMILY123G 9810.00,",N,87
"CAD SHOT RS10.00(48N),",N,48
"DAIRYMILK MRP 5 (72U),",N,72
"FIVE STAR MRP10(40N),",N,40
"CAD DAIRY MILK 20.2GM RS20 (40)80.00,",N,17
"DAI CRISPELLO 13G RS10.00 (40U)40.00,",N,8
"DAI CRISPELLO 35GM (30UN) 45 30.00,",N,32
"FIVE STAR 5 (54N),",N,54
"DAIRY MILK MILKINIS 17GM 48N 2048.00,",N,15
"KASKAS BLACK(1),",N,3
"CHUKKU(DRY GINGER),",N,2
"MANJAL,",N,10
"SABUN RICE KG,",N,10
"TOOTY FROOTY,",N,1
"SONA TAMARIND (PULLY) 1KG 22020.00,",N,163
"FRUITOMANS NOODELS EGG 500GM4.00,",N,64
"BRA PUTTUPOWDER 500GM RS42.006.00,",N,44
"FRUITOMANS VEG NOODLES 500GM4.00,",N,64
"BRA PUTTU POWDER(1KG),",N,6
"BRA FRIED RAVA 1KG,",N,6
"BRA FRIED RAVA 500GM,",N,6
"SF AASHIRVAAD SALT 1KG 28,",N,250
"SF AASHIRVAAD CRYSTAL SALT 1KG 22250.00,",N,14
",EAST TURMRC PWD 100GM,",N,50
",EAST KASHMIRI CHILLY 2502G,",N,12
",EAST CHKN M P 100GM,",N,30
",EAST GARAM MASALA,",N,50
",EAST CHICKEN MASALA RS10.0040.00,",N,7
"ELITE SOYA CHUNKS 200GM,",N,20
"ELITE MAIDA 1KG,",N,20
"ELITE BANSI RAVA 500GM RS41.0013.00,",N,35
"ELITE SOYA CHUNKS BIG 200GM20.00,",N,36
"BRI BOURBON 120 GM,",N,80
"MILMA GHEE 100 ML,",N,50
"KD RED 250 72,",N,12
"KD RED500(170),",N,6
"SF MANGALDEEP TREYA 3IN1RS55.0012.00,",N,38
"MANGALDEEP FLORA LAVENDER 95GM 556.00,",N,38
"SF MANGALDEEP TREYA 3IN1RS55.0012.00,",N,38
"SHOWER TO SHOWER SUPERCOOL4.00,",N,91
"MANGALDEEP SCENT AGARBATTIS RS5012.00,",N,38
"SF MANGALDEEP TREYA 3IN1RS55.0012.00,",N,38
"MANGALDEEP NATU GREEN FOREST 92GM6.00,",N,38
"BILT MULTI PURPOSE PR 70GRM A4PAPER60.00,",N,7
",DABUR GULABARI 30ML 15,",N,6
",DABUR HONEY 50GRM(40),",N,12
",DABUR GULABARI 59ML 30,",N,6
",DABUR GULABARI ZAIKA(ROSEWHATER)250ML753.00,",N,63
",DABUR HONEY 100GRM(65),",N,12
"PAVIZHAM MATTA BROKEN RICE 1KG20.00,",N,59
"PAVIZHAM MATTA BROKEN RICE 1KG4.00,",N,59
"PAVIZHAM NIRADEEPAM,",N,1
"SOFY BODYFIT DEEP ABSORPTION XL 6P 290MM 456.00,",N,35
"SOFY BODYFIT NIGHTS LONGST 15PAD XXL 323MM1196.00,",N,94
"SOFY BODYFIT AB XL 275MM 16PAD 996.00,",N,78
"SOFY BODYFIT DEEP ABSORPTION XL 6P 290MM 457.00,",N,33
",DALDA VANASPATI 500ML(32N)10.00,",N,76
",MALKIST CHEESE FAMILY RS50.00120.00,",N,30
"TECHNO TIP PEN(CELLO),",N,50
"HIMA ANTI HAIR FALL CREAM 100ML2.00,",N,86
"PINPOINT(BK),",N,50
"HIMA AD HAIR CREAM 100ML,",N,2
"HIMA PROTEIN HAIR CREM 100ML2.00,",N,86
"DEVON MUSTARD 250GM,",N,80
"MASTER CHEF CHIA SEED 50GM,",N,3
"MASTER CUSTARD POWDER 100GM12.00,",N,27
"MASTER CORN FLOUR 100G,",N,12
",BAMBINO VERMICELLI 400S/C,",N,12
",SWARNAM,GINGELLY OIL1LR,",N,12
",SWARNAM GINGELY OIL 100 ML50.00,",N,23
",ROASTED VERMICELLI 450GM,",N,12
",NAMBISAN GHEE 100 ML,",N,10
",PRAN LITCHI,150ML*(72N),",N,72
"LEHAR SODA 750ML,",N,24
"LEHAR SODA 2.25L,",N,9
"A V T PREMIUM LEAF TEA 500GM2.00,",N,257
"AVT PREMIUM LEAF TEA 250GM 1408.00,",N,120
",COMFORT FAB BLUE 430ML,",N,24
",COMFORT,FAB MORNING FRESH BLUE 860ML16.00,",N,198
",COMFORT MORNING FRESH 400ML POUCH 9924.00,",N,81
"BODHINI KASHMIRI CHILLI POW 100GM70.00,",N,37
"BODHINI KASHMIRI CHILLI POW 250GM12.00,",N,92
"THO TENDER MANGO PIC 200GM POU10.00,",N,63
"THOLOOR SAMBAR POWDER 100GM20.00,",N,30
"THOLUR KAYAM POW 20GM,",N,10
"THO CHICKEN MASALA 100GM,",N,20
"EAGER MASALA MIX (20G)RS10 50.00,",N,7
"EAGER MASALA MIX(40GM),",N,50
"EAGER CHUKKU 15GM,",N,20
"EAGER MASALA MIX 70G,",N,50
"INDIA GATE GOLDEN SELLA 25KG60.00,",N,118
",KAJAH DHAHASHAMANI 25GM,",N,36
"PAVIZHAM RICBRAN OIL 1LTR POCH10.00,",N,165
"PAVIZHAM VADI MATTA RICE,",N,26
"PAVIZHAM UNDA MATTA 5KG,",N,10
"BRI MILK BIKIS 120+20GM 100PK30.00,",N,40
"BRI TIGERGLUCOSE 209+24.6GM 233.6GM 3042.00,",N,26
",LOTTE RED CHOCO ECLAIRS 374GM3.00,",N,76
",LOTTE CARAMILK ECLAIRS 374GM2.00,",N,76
",LOTTE RED ECLAIRS CHOCO 180GM6.00,",N,40
",LOTTE RED ECLAIRS CHOCO 180GM6.00,",N,40
",LOTTE LACTO KING 396GM,",N,3
",LOTTE COCUNUT POUNCH TOFFE 396G 1002.00,",N,76
",LOTTE COFFY BITE CLASSIC 180GM6.00,",N,40
",LOTTE COFFYBITE CLASSIC 396GM2.00,",N,76
"DH RAGI POWDER 500GM,",N,30
"KRUPALU RICE,",N,500
"DOUBLE ROSE,RICE,",N,750
"PARIP 1KG,",N,35
"UZHUNNU 1KG,",N,50
"SANGU RICE,",N,500
"PARIP 250GM,",N,20
UZHUNNU 1/2KG,N,80
"RICE PHR II,",N,250
"PARIP 500GM,",N,20
"UZHYUNNU 250G,",N,40
"SUGAR 2KG,",N,75
"SUGAR 500 GM,",N,50
"SUGAR 250G,",N,20
"SUGAR 5KG,",N,20
"SUGAR 3KG,",N,16
"SUGAR 1KG,",N,172
"RUCHI GOLD PALMOLIN 1LR,",N,50
"KERALAGOLDCOCONUT OIL500ML40.00,",N,118
"KERALAGLOD COCONUT OIL1L20.00,",N,236
"RUCHI GOLD OIL 500ML,",N,20
"POPULAR 28GM RS12,",N,15
"POPULAR CANDLES 105GM *(40)15.00,",N,26
"POPULAR CANDLES 105GM *(40)50.00,",N,25
"POPULAR QUALITY CANDLES(NO3)15.00,",N,70
"POPULAR CANDLES 53GM RS20.0030.00,",N,13
"POPULAR 84GM RS30.00,",N,40
"POPULAR STEELCUP 180GM(T LIGHT)15.00,",N,59
"POPULAR CANDLE NO32 (80),",N,15
"POPULAR CANDLES 50N 125 280G10.00,",N,70
"POPULAR QULTY CANDLE NO10 13015.00,",N,70
",VICKS VAPORUB 10MLX12X90(45)1.00,",N,35
",GILLETTE PRESTO 3+1(25),",N,18
",WHISPER ULTRA XL+ 302MM 7 PAD CFC 902.00,",N,78
",WHISPER CHOICE ULT XL 6PA 280MM 652.00,",N,53
",WHISPER CHOICE ULT XL 6PAD 5012.00,",N,45
",WHISPER CHOICE ON NIGHT XXL 16 PAD 317MM 1502.00,",N,114
",PAMPERS PANTS NEWBABY BLU XS 8 991.00,",N,73
",PAMPERS PANTS BLU9-14KG LG 5 1053.00,",N,77
",PAMPERS BLUE PANT XL 2S 12-17KG(40)16.00,",N,30
",VICKS COUGH DROPS DOUBLE POWER 2.9GM 2.00225.00,",N,1
",VICKS VARORUP 5ML(23RS),",N,1
",VICKS INHALER KEYCHAIN (59),",N,3
",7 O CLOCK SUPER PLATINUM RAZOR 992.00,",N,86
",WHISPER ULTRA XL+302MM 15PAD 2001.00,",N,165
",WHISPER CHOICE ULTRA XL 280MM 15PAD1751.00,",N,145
",WHISPER CHO WINGS REG 6PAD 376.00,",N,33
",ARIEL LIQUID FRONT LOAD 3LT,",N,1
",ARIEL LIQUID TOPLOAD POUCH 1LT 1795.00,",N,152
",ARIEL COMPLETE(500G+200G),",N,1
",PAMPERS BLUE PANTS XTRA LARGE 2S NB35 9-14KG16.00,",N,27
",WHISPER CH 6 PAD 280MM [45] (60P)1.00,",N,40
",WHISPER CHO XL 12PAD 280MM 803.00,",N,72
",WHISPER CHOICE ULTRA 20PAD 280MM RS160.003.00,",N,144
",WHISPER CHOICE ON NIGHT XXL+6S 503.00,",N,47
",ARIEL LIQUID 3LT TOP LOAD 4991.00,",N,399
",ARIEL LIQUIED 2 LTR TOP LOAD 3.00,",N,285
",ARIEL LIQUID FRONT LOAD 1LTR3.00,",N,178
",ARIEL MATIC FL 1KG (260),",N,2
",PAMPERS PANTS BLU 7-12KG MD 6 PAN 1051.00,",N,77
",PAMPERS BLUE PANTS 4S LG 72,",N,8
",UJALA FAST WASH SOAP(150GM)3524.00,",N,26
",KPL COCUNUT OIL 500 GM,",N,60
",NAMBISAN S GHEE 50ML,",N,10
",KPL COCONUT OIL 1LT PCH,",N,60
"HARPIC BATHR CLE 500ML LIZOL200ML FREE64.00,",N,99
"EAGER TOMATO SOUSE 1KG(P),",N,36
"EAGE GREENCHILLI SAUSE 200GM48.00,",N,32
"EAGER SOYA 200GM SOUC,",N,12
"ALPENLIEBE ECLAIRS POP 8GM48.00,",N,4
"CHUPACHUPS GUAVA&TAMARIND12GM 524.00,",N,4
"CHUPACHUPS GREEN APPLE GUM 12G12.00,",N,4
"CENTER FRUIT WM 180PCS JARRS180.00210.00,",N,0
"MENTOS STRAWBERRY FLAVOUR28.6GM30.00,",N,8
"ALPENLIEBE CREAM BUTTER TOFFEE380G1.00,",N,88
"ALPEN GOLD(100PCS)POUCH,",N,1
"ALP POP,CREAM ORANGE,",N,12
"ALP POP CREM STRAWBERY,",N,24
"CHUPACHUPS WATERMELON&PINEALLLE FLA 11GM12.00,",N,4
"CHUPACHUPS STRAWBERRY FLA GUM 12G24.00,",N,4
"CENTER FRESH SPMT 202 PCS JAR450.00,",N,0
"CENTER FRUT STRAWB 186PC RS186.00210.00,",N,0
"CENTER FRUT XTRA PPNT STICK RS240.0024.00,",N,8
"CHUPACHUPS,MANGO&ORANGE 12GM12.00,",N,4
"ALP POP MILKY CARAMEL,",N,12
"ALPENLIEBE GOLD STRAWBERRY 380GM1.00,",N,88
"CHUPACHUPS COLA FLA GUM 12G12.00,",N,4
"CHUPA CHUPS TUBES CENTER FILLING 22GM8.00,",N,8
"CHUP CHPS BITES MULTI COLOUR 22GM16.00,",N,8
"MENTOS ORANGE(165PCS)JAR 210.00,",N,0
"ALPENLIEBE RICH CHOCO CHEWY TOFFEE 300GM1.00,",N,88
"MAIDA 1KG,",N,30
"MAIDA 250GM,",N,20
"MAIDA 500GM,",N,30
"ELITE BRAN FLAKES 34KG,",N,2
"ELITE BROCKEN WHEET 500 GM16.00,",N,34
"ELITE RAGI POWDER 500GM,",N,15
"SLICE 250ML 19.00,",N,30
"BINGO TEDHE MEDHE MASALA TADKA 80GM6.00,",N,16
"BINGO MASALA MASSACRE 48GM 207.00,",N,16
"BINGO ORI STY CREAM&ONION 43GM 208.00,",N,16
"BINGO ORI&STY HIMALAYAN PINK SALT 42GM8.00,",N,16
"BINGO CHIPS HNS KOREAN 44.8GM 206.00,",N,16
"BINGO HASHTAGS KOREAN STYLE H&SP 53GM8.00,",N,25
"BINGO KILLIN CRE&ONION 48GM 208.00,",N,16
"BINGO THRILLING TOMATO CHIPS 48GM8.00,",N,16
"BINGO TANGY TOMATO 44.GM 308.00,",N,25
"BINGO CHILLI SPRINKLED ORIGINAL 52GM7.00,",N,16
"BINGO SALT SPRINKLED 52GM,",N,8
"BINGO MAD ANG ACHAARI MASTI 60GM8.00,",N,16
"BINGO MAD ANG TOMATO MAD 66G7.00,",N,16
"BINGO MADANGLES PIZZA AAAAH 66G6.00,",N,16
"BINGO TEDHE MED XTRAA TEEKHA 80GM 206.00,",N,16
"AMULYA MILK POW 200 GM,",N,5
"AMUL SWEETENED CONDENSED MILK CLA 210GM5.00,",N,65
"AMULYA MILK PWD 100GM,",N,5
"AMUL BUTTER 100GM,",N,10
"BARKATHSILVER 11,",N,200
"SINNARA BASMATHI RICE,",N,56
"JEERAKASALA ROSE KAIMA1,",N,60
"DALDA VANASPATI(100ML),",N,60
"BIRIYANI SNS 20ml,",N,3
"DALDA VANASPATI(200ML),",N,25
"RKG 200GM TIN,",N,12
"KITKAT DELIGHTS SALTED CARAMEL 112GM2.00,",N,164
"MAGGI CHICKEN NDLS 48X142G (40)48.00,",N,35
"MAGGI 2 MINN MASALA FE FORT,",N,16
"MAGGI MASALA 140GM,",N,48
"MAGGI COCONUT MILK 180ML 806.00,",N,70
"MAGGI TOMATO KET PICHKOO,",N,31
"MAGGI TOMATO KET PICHKOO,",N,90
"MILKYBAR MOOSHA CARA+NOUG 20GM 1024.00,",N,8
"MILKYBAR BUTTERSCOTCH BITE 45GM 5014.00,",N,43
"NESTLE MUNCH CEREAL 17GM 10216.00,",N,8
"MUNCH MAXX NUTS 37.5GM 30(20N)20.00,",N,22
"NESCAFE CLASSIC DAWN JAR 24X90GM 25.OFF1.00,",N,415
"NESCAFE CLASSIC JAR 25GM,",N,4
"NESCAFE SUNRICE JAR 90GM 3203.00,",N,290
"NESCAFE SUNRICE SAC 1.99GM 156U624.00,",N,1
"POLO MINI JAR10(100X6G)RS2.00120.00,",N,1
"MAGGI 2 MIN MASNDLS FE FORT 70GM96.00,",N,13
"KITKAT RICH CHOCOLATE 50GM 90.006.00,",N,79
"MAGGI CHICKEN MAS 284GM 8024.00,",N,70
"MAGGI CHICKEN 96*71G,",N,24
"MAGGI MAS NDLS 280GM 58,",N,24
"NESTLE MILKMAID MINI 210GM 8524.00,",N,76
"EVERYDAY 200GM,",N,6
EVERYDAY 100G,N,6
"EVERYDAY DW 400GM FREE 100GM EXT32.00,",N,213
"KITKAT DUO 3FINGER 25 28.5G (28N)28.00,",N,18
"KITKAT DARK CHOCOLATE 50GM 956.00,",N,84
"KITKAT RICH CHOCOLATE COT WAF 150GM 2102.00,",N,165
"KITKAT DARK CHOCOLATE 150GM 2202.00,",N,195
"MAGGI COCONUT MILK PWD 25GM40.00,",N,33
"NESCAFE CLASSIC JAR 50GM,",N,4
"NESCAFE SUNRICE DAWN JAR 45GM3.00,",N,154
",EAST CHKN M P 100GM,",N,20
",EAST MEAT MA PWD100G,",N,20
",EAST CUMIN SEED 50GM,",N,40
",EAST CHICKEN MASALA RS10.0040.00,",N,7
",EAST CRSHD CHILLY PDR100G,",N,10
",EAST SAMBAR PDR100G,",N,50
",AJMISTEM PUTTUPODI500GM,",N,40
",AJMI FRIDE SOOJI 1KG,",N,10
"GOLDWINNER SF OIL 1L,",N,100
"MILMA GHEE 500 ML,",N,20
"MILMA GHEE 200 ML,",N,25
"LEHAR SODA 2.25L,",N,9
"7 UP,2.5L,",N,18
"LEHAR SODA 750ML,",N,48
"PAVIZHAM RICBRAN OIL 1LTR POCH10.00,",N,165
"PAVIZHAM UNDA MATTA 5KG,",N,10
"PAVIZHAM UN MATTA RICE 10KG BAG10.00,",N,479
"BRI TIGER DOODH GLUCOSE 90.2GM 1030.00,",N,8
"BRI TOASTEA RUSK 72GM,",N,32
"BRI GOODDAY CASHEW COOKIES MRP 4020.00,",N,40
"ELITE CHAKKI,ATTA 1KG,",N,20
"ELITE RAVA 1 KG,",N,20
"ELITE MAIDA 500GM,",N,20
"EXCEL GREEN CHILLY PAPPAD 100GM2.00,",N,23
"EXCEL ONION PAPPAD 100GM,",N,2
"EAGER BIRIYANI KIT(BIG),",N,5
"EAGER CHERY,",N,10
"EAGER PAPPAD RING FRAMES 35GM(RS10)10.00,",N,7
"PONKATHIR CORN PUTTU PODI 500GM4.00,",N,42
"EAGER YAVAM MILLET(KODO) 1KG4.00,",N,137
"EAGER MILLET YAVAM(KODO) 500GM4.00,",N,68
"EAGER LITTLE MILLET (CHAMA) 1KG4.00,",N,137
"EAGER LITTLE MILLET (CHAMA) 500GM4.00,",N,68
"EAGER FOX TAIL MILLET (THINAI) 1KG2.00,",N,137
"EAGER WHITE SORGHUM MANICHOLAM) 500GM2.00,",N,59
"EAGER PEARL MILLET(NATTUKAMBU)500GM2.00,",N,69
"EAGER BARNYARD MILLET(KUTHIRAVALY)500GM2.00,",N,75
"EXCEL BEETROOT PAPPAD 100GM2.00,",N,23
"EXCEL GARLIC PAPPAD 100GM,",N,2
"EXCEL RED CHILLI PAPPAD 100GM2.00,",N,23
"EXCEL CUMIN PAPPAD 100GM,",N,2
"EXCEL TOMATO PAPPAD 100GM,",N,2
"EAGER BIRIYANI KIT(BIG),",N,5
"EAGER CASHEW NUTS 8GM,",N,100
"EAGER ELLU(RS10),",N,10
"EAGER GRAMBU(RS10),",N,20
"EAGER SPLIT CASSIA PATTA,",N,20
"EAGER KARIMJEERAKAM RS10.0010.00,",N,7
"EAGER RED CHILLY SOUCE 200GM4.00,",N,33
"EAGER MANGO PICK 40G 5,",N,10
"EAGER LEMON PICK 40G 5,",N,10
"PONKATHIR CUT MANGO PICKLE 200GM3.00,",N,36
"PONKATHIR TENDER MANGO PICK 200GM3.00,",N,76
"EAGER INDHUPPU POWDER 250GM4.00,",N,47
"EAGER LEMON CANDY 25GM(RS10)20.00,",N,7
"EAGER PAPPAD RING FRAMES 35GM(RS10)10.00,",N,7
"EAGER BADAM 20,",N,10
"EAGER PEPPER POW 4G(RS10),",N,20
"EAGER GARLIC PICKEL 50GM,",N,10
"PONKATHIR LEMON PICKLE 200GM3.00,",N,36
"EAGER SPLIT CASSIA PATTA,",N,10
"MASTER CHEF DRIED YEAST25GM3.00,",N,24
"MASTER CUSTARD POWDER 100GM12.00,",N,27
"MASTER CORN FLOUR 100G,",N,12
"MASTER BAKING SODA 50G,",N,12
"MASTER CHEF CHANA MASALA 50GM6.00,",N,35
"MASTER CHEF CHIA SEED 50GM,",N,6
",NANDHINI GOODLIFE TONED MILK 1 L36.00,",N,61
",NANDHINI GOODLIFE TONED MILK 500ML48.00,",N,31
",GILLETTE PRESTO SAVE RS40 6RAZORS 11024.00,",N,86
",PAMPERS BLUE PANT XL 2S 12-17KG(40)8.00,",N,30
",PAMPERS BLUE PANTS 2S SM 2216.00,",N,17
",PAMPERS BLUE PANTS XTRA LARGE 2S NB35 9-14KG16.00,",N,27
",WHISPER CHO WINGS REG 6PAD 3730.00,",N,36
",ARIEL PW BIUE500G (78),",N,24
",ARIEL PWBLUE 1KG (156),",N,3
",PAMPERS BLUE PANTS 2S NB 5KG 208.00,",N,15
",PAMPERS BLUE PANTS MED NB 7-12KG(28)16.00,",N,22
",OLD SPICE AS LOTION ORIGINAL 50ML 1301.00,",N,117
",GILLETTE MACH3 CART 2SX400RS2751.00,",N,220
",WHISPER CHOICE XL 33+3=36PADS 280MM1.00,",N,216
",TIDE JASMINROSE 105G STRMER RS10.0012.00,",N,8
",TIDE JASMINE&ROSE 3KG 299,",N,4
",ARIEL LIQUID 3LT TOP LOAD 4994.00,",N,399
",ARIEL LIQUID FRONT LOAD 3LT,",N,4
",ARIEL LIQUIED 2 LTR TOP LOAD 6.00,",N,285
",ARIEL LIQUID FRONT LOAD 1LTR12.00,",N,178
",PAMPERS BLUE PANT XL 7PANTS 1491.00,",N,117
",PAMPERS PANTS BLU12-25KG XXL 9 2991.00,",N,233
",PAMPERS BLUE PANTS 4S SM 44,",N,8
",PAMPERS BLUE PANTS 4S MD 56 8.00,",N,45
",PAMPERS BLUE PANTS 4S LG 72,",N,8
",PAMPERS PANTS BLU LG 9-14KG9 2102.00,",N,163
",GILLETTE SHAVING FOAM50GREGRS90.001.00,",N,84
",GILLETTE WILKINSON SWORD 10+1 30.0030.00,",N,20
",GILLETTE MACH 3 TURBO FLEXIBALL TECHNOLORY 3991.00,",N,313
",7,O CLOCK SS 10S (40),",N,20
",GILLETTE GUARD SHAVING CREAM 25GM 252.00,",N,20
",ARIEL LIQUID FRONT LOAD 2LTR6.00,",N,331
",PAMPERS PANTS BLU9-14KG LG 5 1053.00,",N,77
",EAST MEAT MASALA POW 20G 1020.00,",N,7
",EAST PICKLE PDR100G,",N,10
",EAST MUTTON M P 100GM,",N,5
",EAST FENNEL PDR 100G,",N,5
",EAST GARAM MASALA,",N,50
",EAST ASSAL KAYAM SAMBAR POW 20GM40.00,",N,7
",EAST CHICKEN MASALA RS10.0040.00,",N,7
",EAST KASHMIRI CHILLY PWD 100G20.00,",N,51
",EAST CHKN M P 100GM,",N,30
",EAST PEPPER PDR100G,",N,10
",LIFEBUOY NEEM&ALOE SOAP 125G RS28126.00,",N,32
",DR WASH CAKE 200GM,",N,80
